Policy_Number,Premium_Amount,Claim_Amount,Incurred_Loss,Claim_Status,Policy_Status,Sum_Insured,Is_Fraud,Policy_Type
POL00000,1349.01,2076.45,3698.11,Closed,Active,145397.32,No,Life
POL00001,1158.52,1691.56,53.43,Closed,Active,345809.07,No,Auto
POL00002,1394.31,880.41,3145.77,Closed,Active,262526.81,No,Home
POL00003,1656.91,8612.39,248.34,Closed,Active,446070.53,Yes,Life
POL00004,1129.75,1861.67,734.66,Denied,Active,147083.31,No,Auto
POL00005,1129.76,541.59,2449.19,Closed,Active,355015.94,No,Life
POL00006,1673.76,214.69,315.47,Denied,Active,323488.46,No,Home
POL00007,1430.23,331.78,3066.42,Open,Cancelled,182885.66,No,Auto
POL00008,1059.16,564.61,3212.26,Closed,Active,111470.41,No,Auto
POL00009,1362.77,350.33,1274.75,Denied,Active,343237.89,No,Auto
POL00010,1060.97,412.98,11.53,Closed,Active,382368.86,No,Home
POL00011,1060.28,671.21,608.99,Open,Active,192032.3,No,Life
POL00012,1272.59,380.8,1727.15,Closed,Active,340174.67,No,Auto
POL00013,626.02,4541.5,7151.69,Open,Active,227808.91,No,Life
POL00014,682.52,167.27,1798.5,Open,Active,370943.1,No,Life
POL00015,1031.31,1486.82,541.51,Open,Lapsed,139646.87,No,Home
POL00016,896.15,1056.61,1809.25,Open,Active,450596.75,No,Auto
POL00017,1294.27,8077.28,1397.69,Closed,Active,179334.32,No,Life
POL00018,927.59,237.65,2724.17,Closed,Active,215503.69,No,Auto
POL00019,776.31,1014.52,203.66,Closed,Active,76141.38,No,Auto
POL00020,1639.69,6978.12,2576.54,Closed,Active,100180.5,No,Home
POL00021,1132.27,4012.49,1402.71,Closed,Active,282137.86,No,Auto
POL00022,1220.26,3397.33,5933.92,Closed,Active,170416.7,No,Auto
POL00023,772.58,596.55,753.04,Denied,Active,425966.1,No,Life
POL00024,1036.69,374.8,1802.45,Closed,Active,56612.02,No,Home
POL00025,1233.28,2209.12,4839.59,Open,Active,220592.32,No,Auto
POL00026,854.7,5300.77,194.68,Closed,Active,201805.5,No,Life
POL00027,1312.71,1627.3,4982.86,Open,Lapsed,58697.43,No,Home
POL00028,1019.81,1695.46,2095.89,Denied,Lapsed,105965.78,No,Home
POL00029,1112.49,656.95,126.45,Closed,Active,236139.2,No,Life
POL00030,1019.49,2934.95,644.49,Closed,Active,271789.06,No,Life
POL00031,1755.68,414.16,2216.86,Open,Active,231930.39,No,Life
POL00032,1195.95,782.18,125.51,Closed,Active,288921.96,No,Life
POL00033,882.69,1108.29,1570.83,Closed,Lapsed,317809.25,No,Life
POL00034,1446.76,1416.97,764.04,Closed,Active,54465.72,No,Auto
POL00035,833.75,555.23,1745.99,Closed,Active,258842.82,No,Auto
POL00036,1262.66,243.97,84.28,Closed,Active,483574.66,No,Home
POL00037,612.1,1886.4,3693.8,Closed,Active,283564.53,No,Auto
POL00038,801.54,681.13,6534.35,Closed,Active,354894.02,No,Auto
POL00039,1259.06,1740.91,6245.7,Closed,Lapsed,190338.74,No,Auto
POL00040,1421.54,335.33,2492.82,Denied,Active,398296.12,No,Life
POL00041,1251.41,1312.24,250.85,Closed,Active,397814.67,No,Home
POL00042,1165.31,1521.09,2555.83,Denied,Cancelled,284583.22,No,Home
POL00043,1109.67,106.43,44.81,Closed,Active,489206.22,No,Home
POL00044,756.44,820.77,40.27,Closed,Active,106497.6,No,Home
POL00045,984.05,288.7,703.77,Closed,Active,57626.45,No,Auto
POL00046,1061.81,130.94,1207.24,Closed,Active,396571.2,No,Auto
POL00047,1517.14,9202.4,2648.61,Closed,Lapsed,413219.99,No,Life
POL00048,1303.09,778.26,2069.61,Closed,Active,104093.25,No,Home
POL00049,671.09,3320.14,1062.75,Closed,Lapsed,169512.27,No,Auto
POL00050,1297.23,587.78,575.44,Closed,Active,57898.56,No,Auto
POL00051,1084.48,2288.28,10532.75,Closed,Lapsed,181988.87,No,Life
POL00052,996.92,2856.13,999.8,Closed,Active,397913.84,No,Life
POL00053,1383.5,1810.89,1080.65,Closed,Active,283082.24,No,Life
POL00054,1509.3,1275.71,321.62,Open,Active,206643.02,No,Auto
POL00055,1479.38,1061.52,2850.87,Closed,Cancelled,217282.68,No,Auto
POL00056,948.23,858.09,2129.64,Closed,Active,50609.13,No,Life
POL00057,1107.24,5305.11,449.01,Denied,Active,184910.24,No,Home
POL00058,1299.38,3551.21,154.75,Closed,Active,340906.43,No,Life
POL00059,1492.66,6706.35,2053.79,Closed,Active,488387.5,Yes,Life
POL00060,1056.25,265.46,1913.03,Denied,Lapsed,431177.37,No,Life
POL00061,1144.3,2625.1,574.53,Closed,Active,60617.73,No,Life
POL00062,868.1,5572.25,5423.68,Closed,Active,454352.27,No,Auto
POL00063,841.14,399.91,294.78,Closed,Active,402439.29,No,Home
POL00064,1443.76,137.62,1019.2,Closed,Active,401169.26,No,Life
POL00065,1606.87,2702.79,5176.02,Closed,Active,256098.09,Yes,Home
POL00066,1178.4,1708.85,979.66,Closed,Active,229102.38,No,Home
POL00067,1501.06,3688.15,1831.62,Closed,Active,186312.08,No,Home
POL00068,1308.49,301.12,912.28,Closed,Active,79562.69,No,Life
POL00069,1006.46,3172.1,576.9,Denied,Active,152705.91,No,Auto
POL00070,1308.42,450.36,7440.79,Open,Active,160971.64,No,Life
POL00071,1661.41,357.43,947.71,Closed,Active,267834.68,No,Home
POL00072,1189.25,358.89,4041.45,Closed,Active,386349.98,No,Home
POL00073,1669.39,3370.21,470.35,Closed,Active,263214.42,No,Auto
POL00074,414.08,2188.43,431.39,Closed,Lapsed,76030.0,No,Life
POL00075,1446.57,1480.75,56.93,Closed,Lapsed,481005.41,No,Home
POL00076,1226.11,888.92,1898.27,Closed,Active,474225.94,No,Auto
POL00077,1110.3,4194.41,827.46,Open,Active,403335.29,No,Home
POL00078,1227.53,996.63,3595.93,Closed,Lapsed,496097.56,No,Auto
POL00079,603.73,3392.17,1153.72,Closed,Active,295017.05,No,Auto
POL00080,1134.1,1156.55,6206.55,Closed,Active,483245.76,No,Life
POL00081,1307.13,946.24,369.38,Closed,Active,84022.27,No,Home
POL00082,1643.37,1242.32,3653.43,Open,Active,214556.34,No,Life
POL00083,1044.52,717.29,2697.8,Open,Active,151421.57,No,Home
POL00084,957.45,2753.55,2652.65,Open,Active,138124.89,No,Life
POL00085,1049.47,1397.21,3353.28,Closed,Cancelled,113361.33,No,Home
POL00086,1474.62,528.49,2576.51,Closed,Lapsed,330086.14,No,Life
POL00087,1298.63,4596.68,1771.36,Closed,Active,401594.84,No,Auto
POL00088,1041.07,968.66,253.25,Closed,Active,310234.28,No,Home
POL00089,1353.98,1568.56,59.52,Closed,Active,116133.22,No,Home
POL00090,1229.12,4738.99,4565.49,Open,Active,415005.7,No,Auto
POL00091,1490.59,1957.6,1725.85,Closed,Active,336179.62,No,Life
POL00092,989.38,248.63,2866.09,Closed,Active,224674.57,No,Home
POL00093,1101.7,5621.23,1182.35,Closed,Lapsed,353358.63,No,Home
POL00094,1082.37,1976.15,224.6,Closed,Active,166957.24,No,Life
POL00095,760.95,815.65,240.74,Closed,Active,205336.49,No,Auto
POL00096,1288.84,299.95,2082.56,Denied,Lapsed,462868.63,No,Life
POL00097,1278.32,3160.0,1012.78,Open,Active,180727.03,No,Life
POL00098,1201.53,1935.55,402.84,Denied,Active,261494.72,No,Life
POL00099,1129.62,1524.83,1217.66,Closed,Active,450563.51,No,Home
POL00100,775.39,4486.61,119.45,Closed,Active,368474.61,No,Auto
POL00101,1073.81,3107.98,1569.97,Closed,Active,77991.45,No,Auto
POL00102,1097.19,328.98,564.0,Closed,Active,116286.37,No,Life
POL00103,959.32,747.13,2875.15,Open,Active,53528.72,No,Home
POL00104,1151.61,571.34,668.86,Closed,Lapsed,333914.81,No,Life
POL00105,1321.22,2724.74,1093.27,Closed,Active,251453.04,Yes,Home
POL00106,1765.86,68.22,21.04,Closed,Active,110423.68,No,Home
POL00107,1252.37,1687.43,135.37,Closed,Active,481070.35,No,Home
POL00108,1277.27,2874.83,897.11,Open,Active,288346.88,No,Home
POL00109,1177.67,4187.33,1176.86,Closed,Active,158851.98,No,Auto
POL00110,624.37,837.35,1649.42,Closed,Active,275271.61,No,Home
POL00111,1192.05,3443.62,620.7,Closed,Active,355829.15,No,Home
POL00112,1218.07,234.49,2137.29,Closed,Active,84307.65,No,Life
POL00113,1938.97,3747.49,3540.58,Open,Active,173616.72,Yes,Life
POL00114,1142.29,272.76,2724.21,Open,Active,413134.47,No,Auto
POL00115,1290.46,1012.63,72.77,Denied,Active,256849.19,No,Life
POL00116,1189.59,3192.01,1178.82,Open,Cancelled,295959.71,No,Home
POL00117,849.4,324.84,199.54,Closed,Active,244767.2,No,Life
POL00118,1542.85,520.79,498.84,Closed,Active,69754.97,No,Auto
POL00119,1425.58,2562.09,7770.93,Closed,Active,124587.4,No,Life
POL00120,1437.31,2546.19,276.71,Closed,Active,250493.74,No,Life
POL00121,927.18,2049.69,1243.67,Open,Active,144133.46,No,Auto
POL00122,1620.84,2368.0,1732.94,Closed,Active,72490.56,No,Auto
POL00123,779.44,1564.94,2182.0,Denied,Active,429642.35,No,Home
POL00124,1376.06,580.17,1476.33,Closed,Active,491536.64,No,Life
POL00125,1857.14,848.37,17.67,Closed,Active,406914.29,No,Home
POL00126,902.84,400.8,711.38,Closed,Active,434203.21,No,Life
POL00127,1030.11,4781.75,1312.58,Open,Active,158889.71,No,Life
POL00128,1229.9,1751.22,165.54,Closed,Cancelled,482282.14,No,Home
POL00129,1048.96,1024.49,777.15,Closed,Active,138616.57,No,Life
POL00130,734.8,1239.82,60.78,Closed,Active,478143.41,No,Life
POL00131,1220.57,5885.65,147.31,Closed,Active,497668.68,No,Life
POL00132,881.31,332.94,910.28,Closed,Active,370275.26,No,Auto
POL00133,1342.08,1764.89,256.3,Open,Active,491514.68,No,Home
POL00134,924.17,1409.99,1508.88,Closed,Active,306292.9,No,Auto
POL00135,1664.98,1890.69,2105.03,Closed,Active,166793.8,No,Home
POL00136,965.02,36.55,2902.28,Closed,Active,246648.15,No,Home
POL00137,1103.38,4113.39,402.0,Closed,Active,317102.42,No,Life
POL00138,1444.06,5379.98,329.94,Open,Active,82886.7,No,Home
POL00139,830.74,1665.43,198.81,Closed,Active,330054.47,No,Auto
POL00140,1268.24,2385.74,1821.21,Closed,Active,491530.03,No,Auto
POL00141,1592.14,5114.94,2206.43,Closed,Active,135548.44,No,Auto
POL00142,717.76,2456.79,57.77,Denied,Active,406667.8,No,Home
POL00143,1255.39,331.02,4953.95,Open,Active,458554.46,No,Auto
POL00144,1277.96,1717.4,96.07,Closed,Active,474665.72,No,Home
POL00145,1434.55,1866.44,1402.83,Closed,Active,482061.02,No,Auto
POL00146,828.91,1103.75,2222.35,Closed,Lapsed,284656.84,No,Auto
POL00147,803.86,2666.98,3685.87,Open,Active,489788.56,No,Home
POL00148,1356.58,5447.35,2253.72,Closed,Active,390789.59,No,Auto
POL00149,1289.1,5195.75,2912.61,Closed,Active,122752.15,No,Life
POL00150,1275.15,1198.73,746.43,Closed,Active,264605.05,No,Home
POL00151,1303.93,240.36,3035.62,Closed,Active,373249.03,No,Home
POL00152,995.99,8378.35,150.31,Closed,Active,161303.14,No,Home
POL00153,1269.68,3651.44,4053.69,Open,Lapsed,338276.83,No,Life
POL00154,1287.92,266.29,1427.71,Closed,Active,349970.22,No,Home
POL00155,985.69,5072.62,3059.82,Closed,Active,123214.88,Yes,Auto
POL00156,1759.73,4078.85,1083.71,Closed,Cancelled,304288.39,No,Auto
POL00157,1342.15,1463.1,1856.95,Denied,Active,397232.11,No,Auto
POL00158,842.61,1789.43,1345.32,Closed,Active,274503.05,No,Home
POL00159,1396.97,1018.33,2367.43,Open,Active,55446.4,Yes,Auto
POL00160,907.6,112.64,153.28,Closed,Active,54067.31,No,Home
POL00161,1436.13,816.53,112.05,Closed,Active,210663.2,No,Auto
POL00162,1547.58,3247.62,510.89,Closed,Lapsed,466787.33,No,Life
POL00163,953.8,9.29,312.86,Closed,Active,152904.55,No,Life
POL00164,1489.01,811.43,3697.26,Closed,Active,335463.66,No,Life
POL00165,1323.83,1015.56,445.42,Open,Active,149934.14,No,Life
POL00166,1446.62,1541.77,6703.39,Closed,Active,194751.5,No,Home
POL00167,1769.04,5047.85,739.48,Closed,Cancelled,431618.94,No,Auto
POL00168,1126.38,850.35,361.87,Closed,Active,377987.65,No,Life
POL00169,973.88,852.21,2806.58,Denied,Active,92929.67,No,Home
POL00170,933.15,2675.02,1935.03,Open,Active,242915.91,No,Life
POL00171,955.26,1203.76,1241.18,Closed,Active,63126.39,No,Life
POL00172,1176.87,508.76,1458.9,Denied,Active,266400.57,No,Home
POL00173,1302.35,1204.56,2286.21,Closed,Active,348095.31,No,Home
POL00174,1283.01,303.64,466.85,Closed,Active,103326.18,No,Auto
POL00175,1448.15,388.11,10095.54,Open,Active,179998.22,No,Auto
POL00176,1203.9,1379.78,6625.15,Open,Active,229026.48,No,Life
POL00177,1636.06,1085.75,1891.36,Closed,Active,463788.96,No,Life
POL00178,1120.6,4926.59,400.63,Closed,Active,496964.76,No,Auto
POL00179,2016.05,900.07,2052.27,Closed,Active,70210.08,No,Auto
POL00180,1387.7,1737.8,134.89,Denied,Active,392453.57,No,Home
POL00181,942.85,2000.78,56.04,Closed,Active,217275.83,No,Auto
POL00182,878.73,26.36,536.36,Closed,Active,226606.18,No,Auto
POL00183,1344.74,2178.54,1117.9,Closed,Active,389419.24,No,Life
POL00184,1132.96,392.12,3648.64,Closed,Active,463291.89,No,Auto
POL00185,1414.2,6492.0,2338.03,Closed,Active,477917.87,No,Life
POL00186,1341.97,321.89,2443.57,Denied,Lapsed,309705.16,No,Auto
POL00187,1178.15,1071.0,997.64,Closed,Active,210704.52,No,Home
POL00188,945.96,178.43,764.19,Closed,Active,404397.09,No,Auto
POL00189,745.55,11536.16,834.63,Closed,Active,162950.62,No,Auto
POL00190,1066.05,1395.09,7909.32,Open,Active,303833.31,No,Auto
POL00191,1456.92,1809.64,73.68,Closed,Active,211360.31,No,Life
POL00192,1264.23,138.86,3631.76,Closed,Active,345483.98,No,Home
POL00193,826.28,2772.27,1555.83,Open,Lapsed,158179.51,No,Auto
POL00194,1251.95,471.21,1039.23,Open,Active,136216.83,No,Life
POL00195,1315.6,4566.63,2325.46,Open,Lapsed,463207.59,No,Home
POL00196,934.84,459.18,1200.3,Denied,Active,95811.66,No,Life
POL00197,1246.12,423.14,3720.43,Closed,Active,277681.06,No,Life
POL00198,1217.46,74.47,4157.33,Open,Lapsed,149383.75,No,Home
POL00199,857.11,1277.57,985.86,Closed,Active,67518.48,No,Auto
POL00200,1307.34,1664.09,583.39,Open,Active,66208.47,No,Life
POL00201,1368.24,135.93,1615.22,Open,Active,128849.8,No,Life
POL00202,1524.92,2988.01,4382.2,Open,Active,440046.66,No,Auto
POL00203,1516.14,1207.67,425.81,Closed,Active,177115.43,No,Auto
POL00204,786.7,1486.32,1755.76,Closed,Active,477706.63,No,Home
POL00205,918.65,1162.36,1797.26,Closed,Active,311730.03,No,Home
POL00206,1354.51,1024.2,2377.67,Denied,Active,246476.39,No,Home
POL00207,1354.14,1640.33,253.92,Denied,Active,311039.98,No,Auto
POL00208,1354.51,337.41,2264.7,Closed,Active,282514.27,No,Life
POL00209,2355.82,401.61,4315.06,Closed,Active,391449.31,No,Life
POL00210,1371.27,3957.9,356.52,Closed,Active,177123.23,No,Home
POL00211,1540.67,5841.82,488.18,Open,Active,208872.68,No,Auto
POL00212,1486.2,934.6,6397.52,Open,Active,452342.44,No,Life
POL00213,1395.42,631.46,359.36,Closed,Active,475905.43,No,Home
POL00214,1105.42,2065.65,3468.22,Closed,Active,451651.2,No,Life
POL00215,1427.69,1050.98,1220.08,Open,Active,238751.6,No,Life
POL00216,968.15,51.43,511.19,Open,Active,401164.48,No,Auto
POL00217,1128.95,339.57,3682.81,Closed,Active,264351.08,No,Auto
POL00218,1054.39,2517.37,1060.81,Closed,Active,273892.93,No,Life
POL00219,1224.56,2151.3,1301.81,Closed,Active,142106.05,No,Home
POL00220,1894.4,54.94,801.16,Closed,Active,316008.64,No,Auto
POL00221,639.82,501.99,1617.88,Closed,Active,133761.15,No,Life
POL00222,1405.88,525.52,321.4,Closed,Active,199204.11,No,Auto
POL00223,716.19,2228.83,892.93,Open,Lapsed,434763.59,No,Auto
POL00224,1058.42,39.81,6276.88,Closed,Lapsed,143184.11,No,Auto
POL00225,1526.69,219.87,537.45,Open,Active,82021.23,No,Life
POL00226,1219.28,3218.04,1924.66,Closed,Active,81053.42,No,Home
POL00227,876.68,393.36,707.98,Closed,Active,473353.03,No,Home
POL00228,985.41,2115.4,2672.81,Closed,Active,278114.2,No,Home
POL00229,1403.88,544.1,252.48,Closed,Active,234235.43,No,Auto
POL00230,980.89,209.48,6301.1,Open,Active,414895.36,No,Life
POL00231,1264.94,557.24,1088.55,Denied,Active,426121.67,No,Auto
POL00232,1213.67,2562.19,484.66,Closed,Active,199485.96,No,Home
POL00233,1004.52,3871.67,137.41,Closed,Active,362128.13,No,Home
POL00234,1843.18,3546.5,334.87,Open,Active,397005.27,No,Life
POL00235,1390.18,1012.28,1320.3,Closed,Active,344592.81,No,Auto
POL00236,592.46,2205.75,739.77,Closed,Lapsed,118217.78,No,Home
POL00237,1255.94,458.79,3177.74,Open,Active,444147.39,No,Life
POL00238,1001.46,693.87,1014.62,Closed,Active,292592.55,No,Auto
POL00239,1455.73,4533.2,514.74,Closed,Active,177112.59,No,Auto
POL00240,962.24,26.17,1728.18,Closed,Active,241352.68,No,Home
POL00241,1165.58,178.77,2208.28,Open,Active,66906.99,No,Home
POL00242,1351.5,466.1,328.99,Closed,Active,107540.06,No,Auto
POL00243,1459.73,53.78,330.24,Closed,Active,394496.04,No,Auto
POL00244,839.91,400.41,67.25,Open,Active,50005.24,No,Home
POL00245,1099.65,1749.54,2399.99,Closed,Active,237454.62,No,Auto
POL00246,1057.52,1094.37,1962.11,Open,Active,285129.58,No,Home
POL00247,1004.0,4463.73,1158.58,Closed,Active,74585.49,No,Auto
POL00248,1729.64,3401.39,3346.19,Denied,Active,487885.17,No,Home
POL00249,1321.49,836.55,2948.76,Closed,Active,151756.4,No,Life
POL00250,821.73,600.65,1584.6,Closed,Cancelled,186889.42,No,Home
POL00251,1475.36,955.08,3648.62,Closed,Active,186774.13,No,Home
POL00252,1836.65,1784.64,414.85,Closed,Active,153687.5,No,Life
POL00253,1509.74,624.12,213.65,Open,Active,50663.22,No,Auto
POL00254,744.19,1957.12,565.86,Denied,Active,378205.16,Yes,Life
POL00255,1054.73,1053.27,105.81,Closed,Active,485080.47,No,Home
POL00256,1580.07,1606.13,1363.53,Closed,Active,150932.07,No,Auto
POL00257,987.7,1145.85,4965.09,Open,Cancelled,348371.24,No,Life
POL00258,1333.15,697.6,72.25,Open,Active,383853.35,No,Auto
POL00259,1432.39,5930.53,234.42,Closed,Active,431791.42,No,Auto
POL00260,921.92,2884.51,1083.32,Closed,Active,240183.14,No,Life
POL00261,1182.14,301.91,4889.18,Closed,Active,186318.91,Yes,Auto
POL00262,227.62,4057.01,684.05,Closed,Active,196382.81,No,Life
POL00263,892.68,1336.64,1273.9,Closed,Active,370679.6,No,Home
POL00264,1124.23,4499.08,76.43,Closed,Active,417550.76,No,Auto
POL00265,825.67,3217.43,289.03,Closed,Active,131726.29,No,Home
POL00266,1689.72,1107.51,7766.55,Open,Active,216923.45,No,Home
POL00267,770.96,45.45,6040.45,Closed,Lapsed,455873.09,No,Auto
POL00268,1067.99,625.8,8.91,Closed,Active,413012.08,No,Life
POL00269,1239.22,1560.18,5458.75,Closed,Cancelled,493186.28,No,Auto
POL00270,1632.38,2007.39,1834.58,Closed,Active,389411.72,No,Home
POL00271,769.24,596.51,3643.8,Closed,Lapsed,226937.84,No,Home
POL00272,1548.95,300.15,1091.69,Closed,Active,315787.03,No,Life
POL00273,1203.07,3602.77,1304.7,Closed,Active,347456.41,No,Auto
POL00274,905.55,8321.25,1207.95,Closed,Cancelled,85305.12,No,Home
POL00275,1338.63,1491.79,1978.57,Closed,Active,295023.63,No,Home
POL00276,1259.72,376.71,270.75,Closed,Cancelled,369194.37,No,Home
POL00277,1019.93,635.75,54.78,Open,Active,125294.59,No,Life
POL00278,1220.94,37.12,662.52,Closed,Active,401284.27,No,Home
POL00279,1084.41,4913.78,2195.46,Open,Active,312697.75,No,Home
POL00280,1234.06,250.56,405.83,Closed,Active,478499.8,No,Auto
POL00281,1398.64,1718.48,2014.41,Closed,Active,69090.03,No,Auto
POL00282,1675.81,640.56,6306.53,Closed,Active,169396.76,No,Home
POL00283,828.66,1615.67,177.49,Closed,Active,320699.25,No,Home
POL00284,1839.91,2107.78,2009.84,Open,Active,183451.96,No,Auto
POL00285,614.37,3540.88,1055.77,Open,Active,371490.87,No,Life
POL00286,1154.46,462.41,3646.86,Open,Active,391552.38,No,Life
POL00287,1376.5,22.11,350.97,Closed,Active,96132.18,No,Life
POL00288,1284.3,294.42,2123.44,Closed,Active,281234.51,No,Life
POL00289,1013.19,4605.54,3277.57,Closed,Active,279000.75,No,Life
POL00290,1137.56,4141.2,5208.18,Closed,Active,216176.35,No,Life
POL00291,1052.1,1819.69,2069.35,Closed,Active,469816.19,No,Life
POL00292,1023.19,1835.17,1237.52,Closed,Active,422377.84,No,Life
POL00293,1454.88,2187.47,1731.48,Closed,Cancelled,363744.22,No,Auto
POL00294,1307.1,385.64,3657.3,Closed,Active,371446.99,No,Life
POL00295,992.13,4916.42,1521.7,Open,Active,257772.26,No,Life
POL00296,1469.88,1085.22,55.54,Denied,Active,464447.53,No,Life
POL00297,1292.19,966.22,4811.23,Denied,Active,362567.94,No,Home
POL00298,1443.86,1463.43,2105.38,Closed,Active,378041.48,No,Auto
POL00299,1388.89,96.21,2031.48,Closed,Active,437760.91,No,Auto
POL00300,951.3,363.72,437.28,Closed,Active,173332.22,No,Auto
POL00301,1031.95,2679.08,1935.97,Open,Active,413181.91,No,Life
POL00302,1424.19,172.86,901.17,Closed,Cancelled,137858.27,No,Life
POL00303,1383.11,1848.4,1896.03,Closed,Lapsed,205403.88,No,Home
POL00304,1193.73,563.0,202.88,Open,Active,201024.7,No,Auto
POL00305,1235.2,986.28,1930.49,Closed,Active,490336.46,No,Life
POL00306,1583.3,681.3,13395.1,Closed,Active,435441.75,No,Auto
POL00307,1022.53,879.1,88.94,Closed,Active,365526.44,No,Home
POL00308,1364.13,2539.13,6803.75,Closed,Active,377175.54,No,Home
POL00309,1139.34,705.14,940.33,Closed,Active,302932.76,No,Home
POL00310,1134.7,1671.29,3682.86,Closed,Active,476190.8,No,Auto
POL00311,1529.63,1292.72,2745.05,Closed,Active,273316.44,No,Life
POL00312,1447.62,2179.33,1506.7,Closed,Active,221232.97,Yes,Life
POL00313,1444.05,5523.84,2414.03,Open,Cancelled,123365.9,No,Home
POL00314,1591.64,2637.81,3794.34,Closed,Lapsed,403792.54,No,Life
POL00315,1206.3,483.99,931.95,Closed,Active,380499.77,No,Home
POL00316,1404.59,63.36,712.91,Closed,Active,222959.77,No,Auto
POL00317,1106.92,608.34,1982.51,Denied,Lapsed,61337.04,No,Home
POL00318,1297.25,1808.12,2969.02,Closed,Active,427548.8,No,Auto
POL00319,1160.96,105.59,2586.03,Closed,Active,55138.09,No,Home
POL00320,1229.1,1371.81,2877.42,Open,Active,366664.9,No,Life
POL00321,1378.55,1816.86,1029.53,Open,Active,486615.7,No,Life
POL00322,954.53,813.66,3065.11,Closed,Active,246947.6,No,Home
POL00323,1827.72,2947.3,230.53,Open,Lapsed,155738.03,No,Life
POL00324,898.19,225.44,1415.4,Closed,Lapsed,367191.95,No,Life
POL00325,835.74,156.22,10.4,Closed,Active,417707.66,No,Life
POL00326,1547.43,2605.29,706.37,Closed,Active,295893.64,No,Auto
POL00327,1437.5,1368.34,821.58,Closed,Cancelled,485165.87,No,Life
POL00328,1387.24,2332.09,908.04,Open,Active,73250.92,No,Auto
POL00329,1388.5,1141.25,2140.16,Closed,Lapsed,277158.02,No,Home
POL00330,1196.33,565.79,885.48,Closed,Active,373304.28,No,Life
POL00331,930.82,3419.65,1071.84,Open,Active,438188.21,No,Life
POL00332,1222.74,3213.04,488.18,Open,Active,130665.03,No,Life
POL00333,996.85,2372.9,840.98,Closed,Active,410001.57,No,Home
POL00334,1492.54,635.31,464.09,Closed,Active,298718.18,No,Auto
POL00335,1155.88,1784.32,136.82,Closed,Active,228449.16,No,Auto
POL00336,952.35,895.62,1664.91,Open,Active,109271.76,No,Life
POL00337,1103.58,192.1,1985.87,Closed,Active,439383.09,No,Home
POL00338,1323.88,4985.4,1739.24,Denied,Active,120772.94,No,Home
POL00339,1030.88,294.26,1120.82,Closed,Lapsed,189404.54,No,Home
POL00340,953.33,6000.98,859.84,Closed,Cancelled,180520.49,No,Home
POL00341,1273.11,1181.2,3582.38,Closed,Active,442136.32,No,Home
POL00342,1273.49,409.46,1317.7,Closed,Active,352716.35,No,Auto
POL00343,1047.92,1561.34,1174.24,Closed,Active,408506.63,No,Auto
POL00344,1058.69,4126.28,46.76,Denied,Active,162710.55,No,Auto
POL00345,1269.61,2635.22,751.33,Closed,Cancelled,331193.34,No,Life
POL00346,765.57,3285.59,861.03,Closed,Active,307285.69,No,Home
POL00347,777.76,2150.48,915.96,Open,Active,424773.67,No,Life
POL00348,984.47,2357.11,1562.24,Closed,Lapsed,457739.18,No,Home
POL00349,1135.97,3783.54,1372.89,Open,Active,55470.55,No,Auto
POL00350,1293.27,574.48,1685.25,Closed,Active,353308.96,No,Life
POL00351,1642.61,1344.44,2605.81,Closed,Lapsed,73326.11,No,Auto
POL00352,1457.3,500.03,3017.83,Closed,Active,296986.4,No,Home
POL00353,1152.02,8791.12,2279.31,Closed,Lapsed,179434.73,No,Home
POL00354,1194.3,5766.93,5603.04,Denied,Active,188049.47,No,Home
POL00355,899.24,80.45,33.12,Closed,Active,208831.33,No,Auto
POL00356,1194.45,2445.46,392.18,Closed,Active,329581.6,No,Home
POL00357,1113.4,5187.17,13.66,Closed,Lapsed,200322.48,No,Auto
POL00358,1296.82,398.31,1876.74,Closed,Active,379714.57,No,Life
POL00359,951.83,1678.41,4109.55,Open,Active,232037.32,No,Home
POL00360,1355.8,4941.73,502.25,Closed,Active,80758.94,No,Home
POL00361,1659.82,69.07,4711.98,Closed,Active,402691.93,No,Home
POL00362,1167.37,2390.82,111.89,Denied,Active,178591.25,No,Life
POL00363,1320.51,705.79,4904.51,Closed,Active,244745.1,No,Home
POL00364,1407.04,5164.5,779.91,Denied,Active,358449.75,No,Auto
POL00365,1079.63,7084.94,192.49,Closed,Active,199605.27,No,Auto
POL00366,1267.23,5774.35,1197.51,Closed,Active,75463.55,No,Home
POL00367,1203.78,1285.72,534.17,Closed,Active,218264.47,No,Home
POL00368,1229.3,3961.62,603.53,Open,Active,475001.86,No,Life
POL00369,968.1,3722.85,660.86,Denied,Cancelled,338780.48,No,Life
POL00370,1207.35,768.68,2924.43,Closed,Active,352165.62,No,Life
POL00371,1349.4,3531.2,1394.47,Closed,Cancelled,334526.97,No,Home
POL00372,1635.34,75.42,671.33,Closed,Active,139546.46,No,Life
POL00373,1487.78,1814.02,1696.44,Closed,Active,238250.24,No,Life
POL00374,1845.95,522.75,2266.76,Closed,Active,387922.91,No,Auto
POL00375,969.8,256.96,572.96,Denied,Active,95617.8,No,Life
POL00376,1461.7,160.15,960.6,Closed,Active,175033.75,No,Auto
POL00377,1255.0,2383.36,233.96,Closed,Active,174343.6,No,Auto
POL00378,1856.94,830.65,359.74,Closed,Active,244408.52,No,Life
POL00379,957.51,2580.27,2057.28,Closed,Active,491165.93,No,Auto
POL00380,948.08,135.18,360.37,Closed,Active,80376.15,No,Home
POL00381,1020.18,757.52,1340.61,Closed,Active,283415.45,No,Home
POL00382,562.83,1550.85,2222.26,Open,Active,130714.11,No,Life
POL00383,1042.27,3128.19,203.46,Closed,Active,486804.45,No,Home
POL00384,972.26,767.66,1507.93,Closed,Active,100986.58,No,Auto
POL00385,1245.12,1966.42,533.65,Closed,Active,231620.45,No,Home
POL00386,1302.53,4342.72,5930.75,Open,Active,382048.24,No,Life
POL00387,1762.85,1913.51,1189.38,Open,Active,367049.49,No,Life
POL00388,1485.13,530.43,2951.75,Closed,Active,240227.89,No,Auto
POL00389,1026.93,49.41,1438.22,Open,Active,205935.88,No,Life
POL00390,930.48,4081.96,79.89,Closed,Active,228925.57,No,Home
POL00391,1347.58,43.0,1805.05,Closed,Active,168924.32,No,Life
POL00392,803.93,4154.12,5443.56,Closed,Active,142399.82,No,Auto
POL00393,1749.44,1505.53,1656.59,Closed,Active,267367.86,No,Life
POL00394,1553.83,5595.98,3078.54,Closed,Active,170840.19,No,Home
POL00395,1059.25,3206.75,3880.7,Denied,Lapsed,179357.75,No,Auto
POL00396,686.06,12364.39,465.97,Open,Active,345540.23,No,Home
POL00397,1606.16,863.76,428.97,Closed,Cancelled,485841.8,No,Auto
POL00398,1165.64,2915.05,1699.43,Closed,Active,321636.74,No,Life
POL00399,1571.34,1028.1,952.88,Closed,Active,84640.76,No,Auto
POL00400,721.67,1307.37,3297.09,Closed,Active,84012.63,No,Auto
POL00401,1020.19,1975.07,4145.07,Closed,Active,478140.45,No,Life
POL00402,1201.57,4137.83,784.91,Closed,Active,183780.86,No,Home
POL00403,1214.09,8280.79,486.59,Closed,Active,91430.14,No,Life
POL00404,1064.98,2924.39,2729.73,Open,Active,319570.06,No,Auto
POL00405,1386.85,1081.77,578.37,Closed,Active,330641.95,No,Life
POL00406,879.71,1094.14,3112.97,Closed,Active,341827.17,No,Auto
POL00407,1157.29,2675.64,992.15,Open,Active,170330.91,No,Life
POL00408,1236.09,545.66,1982.28,Closed,Active,56799.81,No,Life
POL00409,1354.33,234.13,180.74,Closed,Active,484256.92,No,Home
POL00410,1413.48,875.84,1760.03,Closed,Active,162901.87,No,Auto
POL00411,862.61,677.22,1081.9,Closed,Lapsed,354211.83,No,Home
POL00412,739.77,702.83,1590.05,Open,Active,367983.44,No,Auto
POL00413,1583.3,532.12,331.09,Closed,Lapsed,324503.34,No,Life
POL00414,1299.69,86.01,2403.22,Closed,Active,190808.33,No,Auto
POL00415,975.45,36.07,3575.33,Open,Active,171993.31,No,Home
POL00416,1665.35,8799.96,439.72,Open,Active,318950.73,No,Home
POL00417,1234.7,1116.44,181.1,Open,Active,439743.04,No,Home
POL00418,1553.79,970.08,43.06,Closed,Cancelled,476030.18,No,Auto
POL00419,1220.26,2276.67,1848.86,Closed,Active,97657.61,No,Home
POL00420,1818.22,492.45,1681.53,Denied,Active,119672.88,No,Home
POL00421,1726.6,5989.91,1424.15,Open,Active,475131.32,No,Home
POL00422,1125.31,3086.79,475.01,Closed,Active,381440.85,No,Life
POL00423,1491.47,187.33,892.41,Closed,Lapsed,447347.22,No,Life
POL00424,1393.61,1081.13,1624.64,Closed,Active,141184.69,No,Auto
POL00425,1610.59,4225.89,1236.06,Denied,Active,314413.64,No,Auto
POL00426,910.52,5791.12,7929.24,Closed,Active,365512.82,No,Home
POL00427,1405.82,1259.97,264.04,Closed,Active,356050.35,No,Life
POL00428,1517.53,1900.79,2138.25,Closed,Active,233668.26,No,Home
POL00429,672.38,365.52,932.49,Closed,Active,56927.7,No,Home
POL00430,845.02,9458.89,1006.14,Open,Active,312316.73,No,Life
POL00431,588.23,527.08,2275.96,Closed,Active,163895.69,No,Life
POL00432,1119.18,5720.02,2122.33,Open,Active,252614.41,No,Life
POL00433,1415.26,2097.63,8530.9,Denied,Active,480911.46,No,Auto
POL00434,1650.71,1871.64,247.35,Closed,Active,229565.89,No,Auto
POL00435,1222.23,1437.7,197.89,Closed,Active,427910.72,No,Home
POL00436,1688.58,524.47,2319.45,Closed,Active,134843.27,No,Auto
POL00437,785.97,388.45,1554.6,Open,Active,352607.22,No,Life
POL00438,688.99,498.17,576.77,Closed,Active,489653.13,No,Life
POL00439,1183.34,412.67,148.95,Closed,Active,95851.9,No,Auto
POL00440,1315.22,3024.48,161.19,Open,Active,53743.97,No,Home
POL00441,1190.19,861.95,4043.01,Closed,Active,245112.26,No,Home
POL00442,579.77,119.17,383.45,Denied,Active,91681.47,No,Auto
POL00443,1173.26,6954.17,703.14,Closed,Active,386772.96,No,Home
POL00444,808.66,4304.64,462.66,Closed,Active,461546.9,No,Home
POL00445,1400.9,5255.31,789.3,Closed,Active,245309.44,No,Home
POL00446,1309.98,10560.1,129.51,Open,Active,166420.24,No,Life
POL00447,918.04,382.07,1317.62,Closed,Active,245481.49,No,Life
POL00448,1045.84,1009.16,126.01,Open,Active,375551.52,No,Auto
POL00449,882.24,2839.61,2900.2,Denied,Active,54074.37,No,Life
POL00450,1181.2,2381.59,479.16,Closed,Active,315254.3,No,Home
POL00451,1486.54,334.23,1397.8,Denied,Active,325981.26,No,Life
POL00452,904.28,3383.83,3817.66,Closed,Active,336959.71,No,Auto
POL00453,1351.21,508.34,1894.2,Closed,Active,158909.94,No,Life
POL00454,1040.92,506.74,1370.4,Closed,Active,371323.73,No,Home
POL00455,962.14,1539.95,705.7,Open,Active,91126.17,No,Home
POL00456,1167.89,1797.59,728.94,Closed,Active,139671.65,No,Auto
POL00457,889.43,1735.41,1992.8,Closed,Active,444861.52,No,Life
POL00458,1033.91,191.89,9251.09,Closed,Active,382425.42,No,Life
POL00459,840.64,4198.65,1951.62,Closed,Active,56185.5,No,Life
POL00460,1789.42,617.4,1468.72,Closed,Active,161769.32,No,Home
POL00461,1210.58,277.41,2361.14,Open,Active,146482.92,No,Auto
POL00462,990.08,4391.92,1126.57,Open,Active,171862.85,No,Life
POL00463,1264.19,6231.35,111.65,Closed,Lapsed,161401.9,No,Home
POL00464,1166.3,3962.85,1487.19,Denied,Active,78136.83,No,Home
POL00465,1133.71,3316.37,5690.17,Closed,Lapsed,256523.23,No,Home
POL00466,1384.25,2129.83,346.93,Denied,Active,379730.06,No,Life
POL00467,1427.25,1600.83,2108.16,Closed,Cancelled,323029.28,No,Life
POL00468,1040.85,182.01,403.76,Closed,Active,352792.25,Yes,Life
POL00469,1027.25,1050.03,1381.5,Closed,Active,86517.13,No,Life
POL00470,1117.48,932.62,183.01,Open,Active,478170.82,No,Life
POL00471,509.42,601.54,1077.32,Closed,Active,427321.33,No,Life
POL00472,745.44,2570.51,2540.26,Closed,Active,412290.64,No,Life
POL00473,1610.06,1369.86,768.7,Closed,Active,420342.71,No,Life
POL00474,1693.49,169.04,1968.05,Closed,Active,469719.73,No,Life
POL00475,1125.29,497.39,2856.5,Closed,Active,294914.28,No,Home
POL00476,1372.97,2299.34,4715.52,Open,Active,140126.91,No,Life
POL00477,1293.38,158.37,481.34,Open,Active,327552.62,No,Auto
POL00478,2123.66,3810.4,917.44,Closed,Cancelled,384296.67,No,Home
POL00479,1535.87,1366.97,297.66,Open,Active,382062.83,No,Life
POL00480,1161.62,1310.11,8803.18,Closed,Cancelled,284652.06,No,Auto
POL00481,913.34,1794.98,4711.16,Open,Active,80806.42,No,Life
POL00482,718.07,3482.3,1397.58,Open,Active,217000.82,No,Auto
POL00483,1261.04,854.84,3321.67,Closed,Active,464344.97,No,Auto
POL00484,973.09,2266.51,1324.74,Open,Active,313002.01,No,Auto
POL00485,773.32,1668.19,1758.72,Closed,Active,292249.37,No,Auto
POL00486,1006.03,621.3,168.03,Closed,Active,170984.08,No,Home
POL00487,875.54,4217.82,2533.68,Open,Active,215802.01,No,Home
POL00488,1706.14,3193.3,245.95,Closed,Cancelled,452905.74,No,Auto
POL00489,1464.49,2148.53,3148.36,Closed,Active,349908.37,No,Life
POL00490,1197.61,3802.01,2742.1,Closed,Active,404324.16,No,Auto
POL00491,1643.98,4039.24,2220.4,Open,Active,254455.44,No,Home
POL00492,1223.21,2464.49,66.29,Closed,Active,333611.25,No,Life
POL00493,941.61,3628.17,650.08,Closed,Active,161772.62,No,Home
POL00494,1656.94,2391.16,549.58,Open,Active,367457.37,No,Home
POL00495,1361.67,2279.75,803.7,Open,Active,242420.6,No,Life
POL00496,888.83,1927.87,165.1,Closed,Active,249145.48,No,Auto
POL00497,1142.9,2794.44,4975.11,Closed,Active,342195.05,No,Auto
POL00498,937.31,345.39,1452.59,Closed,Active,471326.28,No,Auto
POL00499,785.16,4255.09,656.28,Closed,Lapsed,78802.86,No,Auto
